index,Country,Date,Rating,Review,Version,source,racism,bullying,sexual
2,US,11/22/2019,1,Get rid of micro transactions or i will find a new app to use. Why should i have to pay for that it‚Äôs so stupid,3.8,holla,0.0,0.0,0.0
6,US,11/21/2019,1,This is good but most of my messages never show up. This is very crapy and needs to be fixed,3.3.1,skout,0.0,0.0,0.0
8,US,11/20/2019,1,I was really enjoying this app. This brought me out of the box. I‚Äôm an extremely shy person and this gave me somewhere to talk to nice people. I just got kicked of bc I‚Äôm 16 not ‚Äú18‚Äù and I think that this change it kind of stupid bc yeah it‚Äôs for protection but like someone else said all you have to do is put age preferences like you do for gender not that hard I wish this wasn‚Äôt the case or this would have received a 5 star rating bc I really liked this app I would like to re download this app if you can make the change to let me,4.2.1,holla,0.0,0.0,0.0
13,US,11/14/2019,1,It won‚Äôt lemme go live or anything like I think you fixed it for everyone but me and now it says I‚Äôm banned for no reason I didn‚Äôt even do anything,2.9,holla,0.0,0.0,0.0
15,US,11/12/2019,1,No real ppl all fake or no reply,5.8.2,skout,0.0,0.0,0.0
17,US,11/09/2019,2,Can‚Äôt join live and can‚Äôt scroll through profile and tap on them. Please fix ASAP. Everyone‚Äôs having this problem,3.36,holla,0.0,0.0,0.0
19,US,11/09/2019,2,Descent,4.3.0,skout,0.0,0.0,0.0
22,US,11/08/2019,1,Can't even get the app to open...there's no way the app can be any good if they can't even get it to open up without issues,3.1,skout,0.0,0.0,0.0
23,US,11/08/2019,1,Y,3.7.1,skout,0.0,0.0,0.0
24,US,11/07/2019,2,Haven't met a single person on this app yet...,4.0.3,skout,0.0,0.0,0.0
25,US,11/06/2019,1,I was litterally banned for no reason at all,2.83,holla,0.0,0.0,0.0
26,US,11/05/2019,2,please fix it as soon as you can coz its annoying,3.1,skout,0.0,0.0,0.0
27,US,11/05/2019,1,For the past three days the app keeps getting frozen on connecting to stranger when I first go into the app and what happened to the camera option over all they need an update to fix all of the problems and glitches :( hurry,1.5,chat-for-strangers,0.0,0.0,0.0
29,US,11/04/2019,1,This is the most horrible site nothing but scammers it doesn‚Äôt even deserve a star,6.9.0,skout,0.0,0.0,0.0
32,US,10/30/2019,2,"Now it's asking me for my phone number and when I enter it, it is not working and I am not able to use it anymore",5.00.2,skout,0.0,0.0,0.0
35,US,10/30/2019,1,F*ck SKOUT WACK!!!,4.4.2,skout,0.0,0.0,0.0
36,US,10/29/2019,1,Crashes too much,3.4.1,skout,0.0,0.0,0.0
39,US,10/28/2019,1,Hate how you have to Verify your human at the beginning of each conversation and yet there's still spammers.,1.9,chat-for-strangers,0.0,0.0,0.0
42,US,10/27/2019,1,It's ok. A bit buggy.,4.0.2,skout,0.0,0.0,0.0
44,US,10/23/2019,1,I kept getting redirected and one of the apps that I got redirected to was this one. It's stupid.,3.2.0,skout,0.0,0.0,0.0
45,US,10/22/2019,1,"Everytime I go to add a friend onto the snapchat once I get to the app where you can click add them after a couple of times that I started adding people it'll pop up on the snapchat app ""oops something went wrong, try again later"" like tf so I try again later and it says it again . Repeatedly time after time I even logged out of the app which caused me to have to reload all the friends .",2.2.1,holla,0.0,0.0,0.0
47,US,10/22/2019,2,It will randomly sign you out.  It won‚Äôt mark conversations as read so the notification won‚Äôt go away. You have to completely close the app to get chat requests to pop up. There‚Äôs a lot of bots on there that ask for bank account info. There needs to be a bot proof sign up process. It really needs an update!,5.8.2,skout,0.0,0.0,0.0
55,US,10/14/2019,2,"Nice app. I'm not sure what bugs they fixed, but I can say that the recent update added a lot more ads.",4.7.1,skout,0.0,0.0,0.0
57,US,10/11/2019,1,95% of the profiles are chatbots or scammers.,6.6.0,skout,0.0,0.0,0.0
58,US,10/11/2019,2,Very slow and doesn‚Äôt update your location,6.2.0,skout,0.0,0.0,0.0
62,US,10/09/2019,1,"I hate this site, it is boring. No one really write you back and some of the girls are Stuck up. Use POF, it is a better site and the people are better to talk to.",3.7.0,skout,0.0,0.0,0.0
63,US,10/09/2019,1,"I'm 19 years old! And I always get messages of weird guys and older men ! They send intense/bulgar/perverted messages ! And I report them, but skout ignores that !! So it's like I report a pervert and they ignore !",3.7.0,skout,0.0,0.0,1.0
66,US,10/05/2019,1,"I hardly get on the app. I don't get on for about a week to find out that my email has been ""blocked"" and when trying to sign in my account has been banned that I have to appeal(lol) to see why I was banned and get my account unbanned.. I emailed customer support and they wanted more proof than just a email so they told me to write ""SKOUT"" on a piece of paper and take a picture of it, which I did, and still haven't heard back from them. It's been about 4 days. Accounts been banned for unknown reasons, probably because of inactivity because I hardly spoke to anyone in the app. Waste of time on my end trying to see what happened.",5.00.2,skout,0.0,0.0,0.0
70,US,10/01/2019,2,"There's to many fake profiles, it's not watched enough to stop them, the creator of this app is to stupid to see what a fake profile is. Google image search is how I find them.",4.26.0,skout,0.0,0.0,0.0
71,US,09/30/2019,2,"So stupid, don‚Äôt they know fantasy is real and as soon as I paid for the money junkies chips I was signed out and had to start all over. I don‚Äôt really care bc all I wanted to do was disable it.",6.3.1,skout,0.0,0.0,0.0
72,US,09/30/2019,2,Deber√≠an de poner todo los personas que son gay activo o pas√≥ is con fotos y sus datos generales como q relaci√≥n prefieren su direcci√≥n y tel√©fono y ubicacione,5.5.2,skout,0.0,0.0,0.0
74,US,09/28/2019,2,"The idea of Omegle is pretty amusing. And seems fun but when it takes 30 minutes to find a person to talk to that isn't an underaged teenager looking to talk about ***, it seems pretty pointless.",2.4,chat-for-strangers,0.0,0.0,0.0
75,US,09/27/2019,1,Not very good at finding people near you be better if you had a spot to choose what city you can search not just location because it gives you people from way to far,6.4.0,skout,0.0,0.0,0.0
76,US,09/27/2019,1,"The app kicked me out & asked for my phone number to see if I was a real person. I didn't trust it so I plugged in a ""text app"" number instead & it's still not letting me back in. Also full of fake profiles, spam, tranynns, & gays when I strictly put my settings on women only. My main concern is that the app won't allow me back in though. I want to take my pictures down & never use this app again.",5.00.2,skout,0.0,0.0,0.0
78,US,09/26/2019,1,ÿ≤ŸäÿßÿØÿ© ÿßŸÑÿßÿ¥ÿÆÿßÿµ ÿßŸÑŸÇÿ±Ÿäÿ®ŸäŸÜ ŸÖŸÜ ÿ≠ŸàŸÑŸÜÿß ÿßŸÉÿ´ÿ± ŸÖŸÜ ŸÇÿ®ŸÑ Ÿà ÿ™ÿ≠ÿ≥ŸäŸÜ ŸÜÿ∑ÿßŸÇ ÿßŸÑÿ®ÿ±ŸÜÿßŸÖÿ¨ Ÿà Ÿàÿ∂ÿπ ŸÖŸÉÿßŸÜ ŸÖÿÆÿµÿµ ŸÑŸÑÿπÿ® ŸàŸÖŸÉÿßŸÜ ŸÑŸÑÿ±ŸÖŸÜÿ≥Ÿäÿ© ŸàŸÖŸÉÿßŸÜ ŸÑŸÑÿØÿ±ÿØÿ¥ÿ© ŸàÿßŸÑÿµÿØÿßŸÇÿ©,6.6.0,skout,0.0,0.0,0.0
79,US,09/26/2019,2,"Too many fakes. I set for local search and see profiles as far away as Bethlehem pa and Fords NJ, many in New York. Wish we could set the limit of 30 miles away and less.",5.6.1,skout,0.0,0.0,0.0
80,US,09/25/2019,1,The concept of the app is good but i have all my settings set to not receiving notifications when i get messages or things and i still get the notifications. It's just not for me. And i have only been contacted by creeps so i think i will delete this app.,4.0.2,skout,0.0,0.0,0.0
81,US,09/25/2019,1,The should leave the list of all the people you spoke with,6.4.0,skout,0.0,0.0,0.0
82,US,09/24/2019,1,"The App Makes It too Easy For Creeps To Be Creeps, If You‚Äôre having a Good Time, all good Vibes and someone less social wants attention they can easily get you blocked or banned. A lot of foreign guys Constantly trying to show off their body parts, Not cool, App staff don‚Äôt care at all but will respond with Robots. And the list goes on. Good Luck is all I‚Äôm Saying smh.",5.5.2,skout,0.0,0.0,1.0
83,US,09/23/2019,1,"Shoddy interface. Too many teeny-boppers. Crashes a lot just navigating around. Crashes 100% of time when trying to deactivate account, so delete all info/pics but they automatically reload again. Stay away!!!",3.6.0,skout,0.0,0.0,0.0
87,US,09/21/2019,1,This app Has too many flaws! It's even more annoying that you can't even delete this app.,4.1.2,skout,0.0,0.0,0.0
90,US,09/20/2019,1,The concept of the app is ok. But if you are going to use this app you have to be very careful. The very first person I met on the app tried to get me to send them nudes. After that I tried a few other times and the same thing happened I‚Äôve deleted this app and warn you all to stay safe.,3.36,holla,0.0,0.0,1.0
96,US,09/18/2019,1,Was a great app before you removed the camera,1.5,chat-for-strangers,0.0,0.0,0.0
97,US,09/17/2019,1,The app is a scam it lets you make an account to be under18 yet doesn‚Äôt let you log back in thanks for scamming me from my prime and gems I spent money on,4.3.4,holla,0.0,0.0,0.0
98,US,09/17/2019,2,"The app didn't have many features to begin with. Now I can't do anything, because a captcha pops up and a message saying ""Connecting with Stranger,"" comes up at the same time. Redownloading the app doesn't help.",1.8,chat-for-strangers,0.0,0.0,0.0
100,US,09/17/2019,2,Passing by,5.8.2,skout,0.0,0.0,0.0
101,US,09/15/2019,1,Drain lots of battery and runs slow. Needs lots of improvements. Thnx,5.6.1,skout,0.0,0.0,0.0
102,US,09/14/2019,1,So many fake profiles... Creepy guys not leaving girls alone. Had to block a lot of ppl. Watch out don't think ppl are really real.,3.3.1,skout,0.0,0.0,0.0
106,US,09/12/2019,2,It's ok .,4.0.3,skout,0.0,0.0,0.0
108,US,09/09/2019,1,Don't ever waste your time with this app. All the accounts on this site are fake accounts designed to try to scam money out of you really pathetic also ever sign in with your Facebook or gmail because this app send your close contacts random spam emails also posts tons of spam to your Facebook,4.15.1,skout,0.0,0.0,0.0
109,US,09/09/2019,2,It keeps saying I‚Äôm banned? Won‚Äôt let me log in or anything.üòí,2.95,holla,0.0,0.0,0.0
110,US,09/08/2019,1,Hay un error al tu buscar gente cercana que aparecen gente de otros pa√≠ses.,4.17.3,skout,0.0,0.0,0.0
111,US,09/07/2019,1,"This app use to be cool, but as soon as someone marks you as vulgar or ""inappropriate"" you are permanently banned from using the app guilty or not. It's wack, use a chat app with more freedom",3.8.1,skout,0.0,0.0,0.0
113,US,09/06/2019,1,The only thing people want on this app is either nudes or your kik,2.6,chat-for-strangers,0.0,0.0,1.0
123,US,09/01/2019,1,Every other person that I met in here has the wrong location in the perfil . When I request local people it‚Äôs give me peoples from other countries .,6.9.0,skout,0.0,0.0,0.0
125,US,08/31/2019,1,bunch of fake profiles and scammers,6.5.0,skout,0.0,0.0,0.0
128,US,08/30/2019,1,It takes forever to accept a pic & post it,6.9.0,skout,0.0,0.0,0.0
132,US,08/28/2019,1,I have 77 messages that I can‚Äôt see you need to fix,6.12.0,skout,0.0,0.0,0.0
134,US,08/28/2019,2,Crashes,3.7.1,skout,0.0,0.0,0.0
135,US,08/28/2019,1,you literally can‚Äôt even see who you matched with without paying. i was hyped for this app but it‚Äôs a huge letdown,3.35,holla,0.0,0.0,0.0
136,US,08/27/2019,1,"This app is terrible, don't get it if you don't wanna be treated like garbage. I've had this app for awhile and I got tired of the negativity on it. This app needs to be removed, and it only causing more stress.",2.46,holla,0.0,0.0,0.0
138,US,08/27/2019,1,I went on there to find new friends but I can‚Äôt go 3 matches without finding a creepy 30 year old or finding some guy with his d*** out!!!,3.1.3,holla,0.0,0.0,1.0
139,US,08/26/2019,1,You have to have points to see who checks u out really worse thing ever. Im deleteing app its useless way better apps out there. This app is trash dont bother downloading.,4.2,skout,0.0,0.0,0.0
143,US,08/23/2019,2,Don't like the unlock score,3.1,skout,0.0,0.0,0.0
144,US,08/22/2019,2,So I'm not getting msgs. Says someone has sent something but no msg is showing.,4.15.2,skout,0.0,0.0,0.0
147,US,08/21/2019,2,This app crashes a lot and has far too many fake accounts and members that try to scam you.,3.3.0,skout,0.0,0.0,0.0
156,US,08/18/2019,1,"i highly dislike the update, why the hell cant i curse????? y‚Äôall on some fs now",3.3.1,holla,0.0,0.0,0.0
158,US,08/17/2019,1,La aplicaci√≥n no me permite entrar esta actualizada y lo q hace es que me saca de la aplicaci√≥n no me carga el perfil ni los contactos ni mensajes en fin no hace nada arreglen eso ya,5.8.2,skout,0.0,0.0,0.0
165,US,08/12/2019,1,"I used to enjoy this app a lot. I even spent money on the gems. But the devs keep upping the cost gender match preferences. Then you still match with males saying it‚Äôs a female account. Plus if you don‚Äôt use gems there is no fair ratio of male to female matches. I had over 100 male matches before I got one female match in ‚Äúfree‚Äù mode. Plus the amount of under 18 on this app is growing out of control. And my last complaint is the cyber bullying is out of control, now it doesn‚Äôt bother me but I‚Äôm worried on how it affects others because no one like being told to kill them self‚Äôs.",4.2.3,holla,0.0,1.0,0.0
177,US,08/12/2019,1,I think it stupid how you have to buy credits just to start a private chat with someone.,3.3,chat-for-strangers,0.0,0.0,0.0
182,US,08/10/2019,1,Keeps showing i have 39 messages but nothing there 3 chat requests and again nothing there i cant send 50 messages and no one ever replies and when i get messages its nothing but spam this site really isnt that good,6.14.1,skout,0.0,0.0,0.0
184,US,08/09/2019,2,App not working!,3.8.0,skout,0.0,0.0,0.0
186,US,08/09/2019,1,Crap,4.7.1,skout,0.0,0.0,0.0
188,US,08/08/2019,2,Freezes lags you name it. The app has an nice idea but is ruined by its freezing and signing me out . Not happy. Please fix.,4.25.2,skout,0.0,0.0,0.0
190,US,08/04/2019,2,This app is so so glitchy,6.7.1,skout,0.0,0.0,0.0
191,US,08/03/2019,1,"The majority of the people on this app are young and we don‚Äôt want to pay 9$ a month just to swipe left a limited number of times. Where is the old Yubo when all this extra stuff wasn‚Äôt in it. The new Yubo is not it. Make everything free again, Please and thank you.",3.12,holla,0.0,0.0,0.0
193,US,08/02/2019,2,Stop flashing me to apple store to get an app every 5-10 seconds! It's super annoying!,4.0.3,skout,0.0,0.0,0.0
194,US,08/02/2019,2,Searches are too limited. Needs more choices....,4.0.2,skout,0.0,0.0,0.0
197,US,08/01/2019,1,Getting sick of finding someone that indicates they are close to me and to find out they are a skam or 100 miles from me!,6.9.0,skout,0.0,0.0,0.0
198,US,08/01/2019,2,I loved this app! It WAS soo fun But now it‚Äôs only 18+ what‚Äôs with that?  It was soo cool to talk to kids my age from different states and make new friends. While i did get some no so nice people it was fine because i meet so many amazing people. Why make it 18+? Your basically making it tinder with the option to video chat them. Please fix this.,4.2.1,holla,0.0,0.0,0.0
199,US,08/01/2019,1,There are many scammers on this app. Also it seems to have many trannies on it. Also where people live is faulty.,4.10.0,skout,0.0,0.0,0.0
201,US,07/31/2019,1,They Keeps blocking me and won't let me to join for NO REASONS. They are pathetic!,3.4.1,skout,0.0,0.0,0.0
202,US,07/28/2019,1,My name is Mitchell and because ‚Äúhell‚Äù is in my name half of my name is blocked out of my username....,4.3.0,holla,0.0,0.0,0.0
204,US,07/26/2019,1,"This app has taken a turn for the worst. Since adding the dating/relationship option, this app has turned into a trashy meet and greet place, filled with drug, prostitution and disrespectful requests. Compliments turn into insults and none of your preferences are respected. More out of the country requests than local. People steal your pics and make fake profiles portraying u as the worse person ever. The racism exhibited on this app is insane and ridiculous. I'd say just log onto Facebook or IG as this app is horrible. Soddom and Gomorrah..smh",4.18.0,skout,1.0,0.0,0.0
206,US,07/26/2019,1,When ever I try to picture message someone it force closes for iPad,3.7.0,skout,0.0,0.0,0.0
211,US,07/21/2019,2,I prefer when only the people on your area could see your page .... Now everybody in the world is messaging me & I have no way to fix it .... So annoying !!!,4.18.0,skout,0.0,0.0,0.0
214,US,07/19/2019,1,"When I try to deactivate my account it asks for a stupid comment. And it didn't even accept my stupid comment. If your looking to try this app for a few days to see if you like it or not, take note its not easy to get rid of. Can some body on the 'SCOUT' staff please deactivate my account!!!",4.4.2,skout,0.0,0.0,0.0
215,US,07/18/2019,1,Please remove my last 2 purchases didn‚Äôt mean to purchase any,4.1.8,holla,0.0,0.0,0.0
218,US,07/16/2019,1,Can't even use this app because I'm not 18 so it's probably not even worth using,4.4.4,holla,0.0,0.0,0.0
219,US,07/16/2019,1,Well I think SKOUT needs to fix that location issue. Anyone should be able to change there location at anytime and that seems to be a big issue using SKOUT. Please understand that people maybe need to change there location for many reasons including safety so please change the SKOUT settings. Also Skout deletes peoples account without investigating and that‚Äôs not good. My account got banned twice without given me a reason why. My money was wasted because I bought diamonds smh.! Please unblock my account kishara646@gmail or at least respond to my email telling why I got banned.,5.8.2,skout,0.0,0.0,0.0
220,US,07/15/2019,2,I like and think its cool but I think random people just start winking at you for no reason,3.3.0,skout,0.0,0.0,0.0
223,US,07/14/2019,1,To many fake account,5.8.2,skout,0.0,0.0,0.0
226,US,07/13/2019,2,"This app was decent until they redesigned it- and started having loud, full screen, unskippable commercials play randomly. Even if your phone is on vibrate, it suddenly blares an ad- embarrassing you in front of coworkers, friends and your family.",3.6.0,skout,0.0,0.0,0.0
227,US,07/13/2019,1,Ads and bots don't waste your time.,4.22.2,skout,0.0,0.0,0.0
229,US,07/12/2019,1,Getting sick of finding someone that indicates they are close to me and to find out they are a skam or 100 miles from me!,5.8.2,skout,0.0,0.0,0.0
237,US,07/07/2019,1,"Has very glitchy messaging! Shows messages waiting when none are there.  Has issues making deleted messages go away.  Lots of messages from spammers 6500 miles away!  Lots of pop up ads, some with annoying video with loud commentators distracting anyone within 15 feet if you! You will be deleted if admins deem shared pics are offensive!

No technical support.  Unable to update location when traveling!",6.3.1,skout,0.0,0.0,0.0
238,US,07/02/2019,2,Not for me... Too much going on!,3.3.0,skout,0.0,0.0,0.0
241,US,06/30/2019,1,This app was awesome until it started crashing on me. Now I can't even open the app and contact the person I was talking to D: who knows if I can contact them again. Im very very disappointed with how the app works.,4.5.2,skout,0.0,0.0,0.0
247,US,06/24/2019,1,"everywhere perverts.
bad quality video
cannot filter without paying
lame",2.1.9,holla,0.0,0.0,1.0
252,US,06/19/2019,1,The cam feature just doesn't work at all. I stare at a black screen the entire time.,4.3.8,chat-for-strangers,0.0,0.0,0.0
253,US,06/19/2019,2,"Drains your battery too quickly, and doesn‚Äôt sort people by distance",5.6.1,skout,0.0,0.0,0.0
256,US,06/18/2019,1,I mean everyone just bans me when I try to say hi and this doesn‚Äôt work,3.24.3,holla,0.0,0.0,0.0
257,US,06/16/2019,1,"Skout does not work on iPod touch. On phones, it eats up the battery. My friend and I would rather text each other than be on Skout. Skout has very good features if only it works well on mobile devices. Only time I can stay on Skout is when I'm on my pc but then it doesn't have the other features like shake to chat, etc.",3.4.1,skout,0.0,0.0,0.0
259,US,06/16/2019,1,"this app on android is much different and rather safer than using on an iphone. you can see the person age, gender, and profile picture before the call rather than not know those things on the iphone. as a female listed on my account, every single one of the video chat requests have been from males and most of them over the age of eighteen, while i am fifteen. both genders would be on call on the android, and i made a friend through this app and she was very nice and unlike the pedophilia of over age males asking for nudes through this app. it‚Äôs weird and unsettling and no reason i shouldn‚Äôt be able to have a safe and fun time on this app except i‚Äôm faced with pervs. do not recommend. :/",3.0.1,holla,0.0,0.0,1.0
261,US,06/14/2019,1,Live don‚Äôt work on my iPhone X,3.2,holla,0.0,0.0,0.0
262,US,06/14/2019,1,You can't deactivate your account.. it only lets you uninstall the app. No response to my messages or emails.,2.2,holla,0.0,0.0,0.0
264,US,06/13/2019,1,"Are you stupid? An app for ""making friends"" aka dating app for MINORS. Innocent ignorant children. Every kid thinks they're smart and won't fall into a trap, until they do and it's too late. This is a breeding ground for pedophiles are you kidding? Marketing an app to MINORS for meeting and possibly dating each other..that's just giving the pedos easy access come on..look for love in school or your town please..please. It's so much easier, healthier, and SAFE. Please stop, please be safe, this is a breeding ground for predators.",-,holla,0.0,0.0,0.0
265,US,06/12/2019,1,One Youtuber app ward dose make sense creeped me out by that feel uncomfortable on this sorry app weird I have to go make me uncomfortable almost had close have one heart beat had panic attack 0 star just that I someone pretty sure they would be weird out because I‚Äôm talking to them and you I don‚Äôt know them rest my case,3.0.1,holla,0.0,0.0,0.0
267,US,06/11/2019,1,This app is messing up on people‚Äôs lives videos you need to fix this and people cannot hear each other when they go live in a Nother thing sometimes you cannot enter nobody‚Äôs live for a crash,6.7.1,skout,0.0,0.0,0.0
269,US,06/10/2019,1,Please in the next update for this app add a camera feature I'm tired of having a computer that doesn't work and all have to go on omegle is here and doesn't have a camera just please add this feature,3.4,chat-for-strangers,0.0,0.0,0.0
273,US,06/09/2019,1,It's ok.,4.12.1,skout,0.0,0.0,0.0
274,US,06/09/2019,1,I wish there was an option to give this app 0 stars. Met alot of people on here that I liked and my account got blocked from use and so did my iPod. For no reason! I contacted Skout and never got a response. Whatever. I won't waste my time on their mediocre service.,3.7.1,skout,0.0,0.0,0.0
275,US,06/09/2019,1,"Using it is the most annoying thing. 
1. It offers you few people near by then shows you people 200 miles away. 
2. Constantly crashing or freezing. Mostly parts of the app. Like the type text bar will not respond. 
3. I understand they need to make money since its free. In the beginning was enough annoying that ad banners are right under the type text field and send button so you can often click on ads by mistake so they can make money. But now the ads are pretty much everywhere. Recently most annoying thing is it plays Ad videos on full screen without any notice. If you close it it will reopen again in 3-4 sec. 50% of the time using this app is about fighting the ads.",4.21.2,skout,0.0,0.0,0.0
279,US,06/08/2019,1,"It's a good app, if your are looking for bottom feeders.  Poor search features as well.",4.5.2,skout,0.0,0.0,0.0
280,US,06/08/2019,1,"This app is absolutely terrible! You will never make any meaningful friends, or find someone who is looking for a serious, long-term relationship.
Expect to be inundated with horny gay men who only want a worthless hook-up, or to be constantly bothered by Asian women that live 8,000 miles away from you. This app is Bizarre! Do yourself a favor and stay away.",4.3.0,skout,0.0,0.0,0.0
281,US,06/08/2019,2,"I upgraded my iPhone to newest version of skout and it was the same I messaged support now I at least have videochat so that‚Äôs a good thing but, you cannot type more than one line it doesn‚Äôt appear on the screen until message is submitted. The emphasis is ONLY on livestream which is essentially hookers trying to pass off as people with interesting things they do! It‚Äôs not, PTP, phone numbers and YouTube channels to get men to go spend money! There is nudity on livestream a man just told me today. I pay for premium yet get less and less features and chats, the changes are only for live streams, I do not understand why Apple continues to offer this app at all, all there are are scammers, hookers and men looking for hookups nothing else! They don‚Äôt read profiles and now they go only onto live streams for hours and nobody chats it‚Äôs been a waste of money and time for me, I‚Äôm reporting this site as fraud, there is nothing they give you for premium don‚Äôt waste a cent! It was okay years ago now there is nothing but filth it‚Äôs worse than tinder which at least is never marketed for anything but meet ups, skout should be removed!!!",6.14.0,skout,0.0,0.0,0.0
282,US,06/08/2019,1,Bruh this app has WAY more fake accounts than real ones. Y'all should make some kind of thing where you have to select the boxes with a certain object in them to prevent fakes.,6.9.0,skout,0.0,0.0,0.0
284,US,06/07/2019,2,Kind of inappropriate,1.4,chat-for-strangers,0.0,0.0,0.0
288,US,06/06/2019,1,"This might be a worthwhile app if you could search by a location - miles away-  as it is, nothing but a waste of time",6.5.0,skout,0.0,0.0,0.0
290,US,06/06/2019,1,Sending pictures is a problem. Just the whole app itself needs more work.,5.6.1,skout,0.0,0.0,0.0
307,US,05/30/2019,1,You need to put in your rules no being insulting or banded from site  I sent a wink and the most inconsiderate comment was made by a tranny named Brandon. A simple not interested should have been her response. I almost went else where and will not recommend site if rude response is going to be tollerated.,3.3.1,skout,0.0,0.0,0.0
312,US,05/29/2019,1,I cant log in my account it says this user doesnot exist and when i try to make a new account message appears this email used for an account help pls,4.0.2,skout,0.0,0.0,0.0
326,US,05/23/2019,1,Poor mess up to much. Need more work,6.8.0,skout,0.0,0.0,0.0
338,US,05/20/2019,1,With the new update I can see my chats with the advertisement and the live screen on the top,5.00.2,skout,0.0,0.0,0.0
342,US,05/18/2019,1,signed up and in 24 hours my profile disappeared,5.8.2,skout,0.0,0.0,0.0
343,US,05/18/2019,1,Idk,0.9,holla,0.0,0.0,0.0
346,US,05/17/2019,1,Blocked for no reason! No help from skout. No idea why I was blocked no explanation given. No support,3.3.0,skout,0.0,0.0,0.0
355,US,05/16/2019,2,"Too many trannies, fake profiles, and cam model scams..",4.1.2,skout,0.0,0.0,0.0
358,US,05/15/2019,2,It's ok for pure Boredom. Buying credits defames what it's supposed to be about. Just an idea to appear like it social but just a way to funnel money out I you. I'm my humble opinion.,3.7.1,skout,0.0,0.0,0.0
364,US,05/13/2019,1,"Too many ads, even if you are just scrolling by and your finger even touches an ad it will be opened. Very annoying. Plus, no women lol",6.3.1,skout,0.0,0.0,0.0
371,US,05/09/2019,1,Nothing but bots.,4.21.2,skout,0.0,0.0,0.0
372,US,05/09/2019,1,Tried it out its pretty Decent but there are some problems with the GPS and the locations of people some people are in different states and what the Location says. The app freezes on occasion as well,4.24.3,skout,0.0,0.0,0.0
377,US,05/06/2019,1,I was issue with my account. Contacted support for help but haven't received no response. It's been almost 6 days since I reached out to them.,4.18.0,skout,0.0,0.0,0.0
378,US,05/06/2019,2,Keeps saying I matching in the dark with several lights on. Please fix or get rid of this stupid issue.,2.3.4,holla,0.0,0.0,0.0
383,US,05/05/2019,2,"I jus recently seen a new update where i cant make friends with people that are 16 and below. I get it there are younger people like age 13 , but i literally canr add people the same age as me. Theres a lot of things that need to be fixed",3.29,holla,0.0,0.0,0.0
385,US,05/05/2019,1,"When I actually get a real person on the other end that is like minded and cool it‚Äôs great! Other than that it is to fake distant and not age correct If you know what I mean.
Ray",6.6.0,skout,0.0,0.0,0.0
388,US,05/03/2019,2,Quiero Magen de personas a conocer y que se encuentren cerca de mi que eso sea mi opci√≥n,6.9.0,skout,0.0,0.0,0.0
389,US,05/03/2019,1,"SKOUT used to be fun, but now it is nothing but prostitutes and wanna be sugar babies.",5.8.2,skout,0.0,0.0,0.0
390,US,05/03/2019,1,Don't waste your time,3.7.1,skout,0.0,0.0,0.0
398,US,04/30/2019,1,"Well for one thing the range for people is horrible. I‚Äôm getting profiles in the ‚Äúmy area‚Äù which are 309 miles away.  I‚Äôm constantly bombarded by spam accounts to the point where maybe 1 in 10 people I speak to are real. And no one responds ever. 

Chats disappear and reappear. It‚Äôs crap really. But it is a great idea I wished would work.",6.5.0,skout,0.0,0.0,0.0
400,US,04/29/2019,1,It‚Äôs a rip off. %80 of the time you get match with a man.,3.1.2,holla,0.0,0.0,0.0
406,US,04/28/2019,1,"This app is full of wannabe egirls and eboys, you shouldn‚Äôt join unless you want to cringe üòêüòê",3.39.1,holla,0.0,0.0,0.0
408,US,04/27/2019,1,"The only reason I even had this app was because I could talk to strangers and meet new people WITH  a friend. By taking away two player mode, you are taking away the best part of the app. Unless it is brought back, I will not be using anymore.",4.1.8,holla,0.0,0.0,0.0
413,US,04/25/2019,2,This was a bad purchase. Weird platform and layout,4.5.0,skout,0.0,0.0,0.0
414,US,04/25/2019,2,There's more then that try to do the best,4.17.2,skout,0.0,0.0,0.0
416,US,04/25/2019,1,"Now there are ads that start playing with no warning, and loudly too ignoring the mute button. Fix or I'm deleting

And it gets worse. Now the 1st chat is covered by the stupid live bar in iOS 9. The developers are useless I swear.",5.00.2,skout,0.0,0.0,0.0
419,US,04/23/2019,2,Need to make a better way to not allow fake profiles,5.4.1,skout,0.0,0.0,0.0
421,US,04/23/2019,2,I have been banned for one hour and I don‚Äôt know why I am a God-fearing man and I do not curse or swear and I do not say negative things to people so someone just doesn‚Äôt like me and got me reported fraudulently but it‚Äôs OK God is good bye,5.7.1,skout,0.0,0.0,0.0
428,US,04/20/2019,1,It‚Äôs full of weird prepubescent boys trying to beg for nudes in a gross way. No one there is really interesting,3.19.1,holla,0.0,0.0,0.0
430,US,04/20/2019,2,Everything is either about sex or it‚Äôs a boring talk not conversation. I block people or swipe left when they message but they are still able to message me time and time again. It‚Äôs quite annoying,6.6.0,skout,0.0,0.0,0.0
433,US,04/19/2019,1,"You know, this app would be cool if I got my diamonds back for people that don't spend at least 10 seconds in the chat. Why pay to connect w people that skip you? Or people that aren't even what their profile suggests? Nah man.",2,holla,0.0,0.0,0.0
437,US,04/18/2019,1,Help it won't let me connect to people,2.1,chat-for-strangers,0.0,0.0,0.0
441,US,04/16/2019,1,Glitchy af fix it please,4.2.1,holla,0.0,0.0,0.0
442,US,04/16/2019,1,Saw a wechat message between a scout recruiter and a friend from Asia. Recruiter wanted her to pretend like she lived in us and chat with guys.,5.7.1,skout,0.0,0.0,0.0
447,US,04/14/2019,1,bored app,5.5.2,skout,0.0,0.0,0.0
457,US,04/11/2019,1,This app acts up sometimes it pauses and just logs me out and I have to keep logging back in it‚Äôs very frustrating,5.5.2,skout,0.0,0.0,0.0
459,US,04/11/2019,1,Search for people close it shows people in other states. Would rather be able to choose a preference in seeing people‚Äôs buzz,6.4.0,skout,0.0,0.0,0.0
464,US,04/08/2019,1,"No life people create fake profile, and try to cat fish or create chat bots that spam you.",5.8.2,skout,0.0,0.0,0.0
465,US,04/08/2019,1,A couple of a updates ago I would've highly recommended this app to anyone looking for a good time or something serious. I found more real people on here (Had the chance to meet some too) then any other app. However due to the recent update it literally wants you to purchase the premium for basically everything. The point system has essentially become pointless. I am not the kind of guy to spend money on something that isn't guaranteed and not only that it's pretty expensive for the premium anyways. So with that being said I will no longer be recommending this app but instead warning people to stay away from it until it comes back to the way it was. When that happens then I will change the ratings but it's staying on 1 star till further notice,4.12.1,skout,0.0,0.0,0.0
466,US,04/07/2019,1,It crashes too much and it wouldn't allow me to log back in to my first account by saying my email was invalid so i had to make a new one.,3.7.1,skout,0.0,0.0,0.0
469,US,04/06/2019,2,Have met some pretty cool people on here only thing I would change is the whole points system to see who checked out ur page and what not,5.8.2,skout,0.0,0.0,0.0
470,US,04/06/2019,1,"I put looking for women interested in men in my settings (cause I‚Äôm straight) and when I look I find Trans or gay men offering bj‚Äôs to straight men in the women section üôÑ. It‚Äôs gross and inappropriate. You‚Äôll delete a person for saying something crazy on stream but do nothing about them, smh.",6.8.1,skout,0.0,0.0,1.0
476,US,04/04/2019,1,Yellow keeps showing me the same people and deleted all the people who liked me back. It started crapping out after a week of having it.,2.15,holla,0.0,0.0,0.0
479,US,04/03/2019,1,"Not only do ads load perfectly, but they‚Äôre getting increasingly intrusive. This recent update has left the app in a bad state. Chat messages don‚Äôt refresh, scrolling through the live feeds freezes the app and messages still disappear",5.2.3,skout,0.0,0.0,0.0
487,US,03/31/2019,1,Mostly fake people/accounts trying to get you to sign up for something and take your money. I‚Äôm sure a lot of pictures are taken and used on these fake accounts.,6.4.1,skout,0.0,0.0,0.0
490,US,03/29/2019,1,I didn't really like it sorry,4.0.2,skout,0.0,0.0,0.0
491,US,03/29/2019,1,Whole app and creators are FOS,4.0.2,skout,0.0,0.0,0.0
495,US,03/28/2019,2,To many adds that are annoying and a lot of fake people on it and if they are real it takes a lot of points to even write them a message most of the time,4.0.3,skout,0.0,0.0,0.0
496,US,03/28/2019,1,If you try to buy points it won't give them to you but it will charge your iTunes account!,3.6.0,skout,0.0,0.0,0.0
497,US,03/27/2019,1,I'm pretty sure everyone liked the old omegle.,3.8.8,chat-for-strangers,0.0,0.0,0.0
498,US,03/27/2019,1,My messages wont send! If i send a message it will act as if i never sent it,3.6.0,skout,0.0,0.0,0.0
499,US,03/26/2019,2,this app is nice and all but some people r to innipropriate,4.1.1,skout,0.0,0.0,0.0
500,US,03/26/2019,1,"Wow! I was looking for an app to try and meet some new friends in the local area and was instantly exposed to everything wrong with society today. Numerous ads popping up, fake users galore, spam emails, the list goes on. Steer clear!",5.6.1,skout,0.0,0.0,0.0
507,US,03/24/2019,1,Terrible app is really horrible have to much fake accounts fake and looking you information number phone and location you house wey danger this app,6.14.1,skout,0.0,0.0,0.0
509,US,03/23/2019,1,When I tried to get on the app it wasn‚Äôt letting me connect to anything I couldn‚Äôt view lives or anything it wasn‚Äôt my connection cause I could view other apps and stuff and I deleted to try to fix it and now I can‚Äôt even log in to my account this needs to be fixed,2.98.2,holla,0.0,0.0,0.0
513,US,03/22/2019,2,Umm ohhh ahhh hummmm,6.4.1,skout,0.0,0.0,0.0
516,US,03/21/2019,2,My comments and messages are not working. I would type something to my friends or in a live and they don‚Äôt see it. it‚Äôs starting to get really frustrating. Other than that it‚Äôs a good time. You can barely do anything on the app if you can‚Äôt type though.,3.34,holla,0.0,0.0,0.0
517,US,03/21/2019,1,"It'd be nice if, you know, I could upload a picture on my profile. Can do everything else just fine. Terrible app",4.18.0,skout,0.0,0.0,0.0
518,US,03/21/2019,1,Really fun,6.3.0,skout,0.0,0.0,0.0
521,US,03/20/2019,1,This app dose not have wide range of people I like if so they be weird or younger than me I rally don't like this app,4.3.0,skout,0.0,0.0,0.0
522,US,03/20/2019,1,"The new blue face page is to confusion, like the old way better, the new one is a piece of junk...you shouldn't have change the structure, the wording to small, information of others is to small to be read.....you was better off, leaving it be.",4,skout,0.0,0.0,0.0
524,US,03/20/2019,2,"I don't like how recent pictures are permanently in there if someone goes on my scout and finds it, they will see all my dick pics",4.5.2,skout,0.0,0.0,1.0
526,US,03/19/2019,1,...could use more security for those who are really honest people and are sincere about what they are looking for.,3.7.1,skout,0.0,0.0,0.0
531,US,03/17/2019,1,Effing gay,2.2,chat-for-strangers,0.0,0.0,0.0
534,US,03/17/2019,1,RJ many scammers,6.14.1,skout,0.0,0.0,0.0
541,US,03/16/2019,1,The app keeps shutting off. Too many scammers and drug addicts. Don‚Äôt waste your time here.,5.8.2,skout,0.0,0.0,0.0
542,US,03/16/2019,2,Not easy to figure out,3.3.0,skout,0.0,0.0,0.0
544,US,03/15/2019,1,Locations are always wrong.  Ton of fake accounts,5.8.2,skout,0.0,0.0,0.0
545,US,03/15/2019,1,They somehow get your number and send you a text saying you have a message just so you download there app,3.6.0,skout,0.0,0.0,0.0
547,US,03/13/2019,2,It sends my messages to different people fix it,4,skout,0.0,0.0,0.0
553,US,03/12/2019,1,Just had got this app less than an hour ago and it‚Äôs already looking glitchy and full of ads. Keeps wanting me to upgrade but with all these bugs I‚Äôm almost certainly gonna delete in less than a few days,6.6.0,skout,0.0,0.0,0.0
555,US,03/12/2019,1,This app always crashing fix,4.0.4,skout,0.0,0.0,0.0
560,US,03/11/2019,2,Mostly creepy dudes from another country message you. It can get annoying.,3.4.1,skout,0.0,0.0,0.0
562,US,03/10/2019,1,It's ok,4.20.1,skout,0.0,0.0,0.0
563,US,03/09/2019,1,"Hacked Facebook, trashy app",2.11.3,holla,0.0,0.0,0.0
564,US,03/09/2019,1,"If I must explain it you won‚Äôt understand‚Ä¶ Ghetto

The End",6.9.0,skout,0.0,0.0,0.0
567,US,03/08/2019,2,"A lot of creeps and scammers, poorly designed app",5.6.1,skout,0.0,0.0,0.0
570,US,03/08/2019,1,Maybe it's just ppl in general that want to use dating apps as a way to scam. I have had 3 ppl request money from me,4.24.3,skout,0.0,0.0,0.0
574,US,03/08/2019,1,I recently swapped out my hard earned diamonds to claim points to share gifts.  When I traded the diamonds in I was shorted well over 2000  points. What the !?,6.3.1,skout,0.0,0.0,0.0
575,US,03/07/2019,1,Can‚Äôt even see who likes me,5.5.2,skout,0.0,0.0,0.0
577,US,03/07/2019,1,Terrible app!,6.7.1,skout,0.0,0.0,0.0
581,US,03/05/2019,1,This app is a piece if junk,2.5,chat-for-strangers,0.0,0.0,0.0
582,US,03/05/2019,1,Bad,5.8.2,skout,0.0,0.0,0.0
585,US,03/04/2019,1,I used to love this app but then it randomly logged me out and then never let me log back in,4.0.4,skout,0.0,0.0,0.0
590,US,03/02/2019,2,We will see.,3.8.1,skout,0.0,0.0,0.0
591,US,03/02/2019,1,"These people have no customer care support whatsoever very frustrating!!! I tried to call the number they have listed on their terms and condition policy 215 862 7832 and it sounds disconnected. I tried emailing multiple times and no response either.
Apple should ban this application because it is spam!! I will tell everybody I know about how bad this application is",5.7.1,skout,0.0,0.0,0.0
594,US,02/28/2019,1,This app has potential. Seems like there are nice people on there. However I just opened an account with them today and twice it has logged me out and said my user name and password are not valid.  So I lost all the conversations and people I had been talking with. No easy way to even reach out to them to report the problem.,4.5.2,skout,0.0,0.0,0.0
597,US,02/25/2019,1,"All these reviews are pretty straight forward about saying how ""amazing"" the app is, but give no detail. Pretty sure these are just people who work for the app promoting the app. Seems fishy",1.9.9,holla,0.0,0.0,0.0
598,US,02/24/2019,1,This app is trash! Everyone is a machine! There's no real people! I hate this app! Don't waste your time on it!,2.1,chat-for-strangers,0.0,0.0,0.0
599,US,02/24/2019,1,"Too many ADS and they're in terrible locations. At least give the option to search exact locations, if you're going to show people from all over the world.",4.17.6,skout,0.0,0.0,0.0
600,US,02/24/2019,1,Why does it ask me to verify I'm human,2.2,chat-for-strangers,0.0,0.0,0.0
601,US,02/24/2019,1,I've waited 8 + hrs for tech support to email me a new password reset.,4.26.0,skout,0.0,0.0,0.0
603,US,02/24/2019,2,Not bad but has a few kink.,3.7.1,skout,0.0,0.0,0.0
604,US,02/23/2019,1,"all this app supports is hate and negativity. You can‚Äôt get on this app without being constantly made fun of. I‚Äôve gotten extremely suicidal because of this dumb app. Your asked for nudes 24/7, and get bullied 24/7. I wouldn‚Äôt start convos with anyone, and they‚Äôd randomly message me calling me fat or ugly or even sometimes both. The app even supports it as they let you do these livestreams called ‚Äúrates‚Äù where other teens pretty much say if your attractive or ugly. If I report someone for bullying they never do anything about it, but yet when I take a break and take down my photos I get my account suspended for having an ‚Äúanonymous‚Äù account. How do you expect people to want to show their true selfs on there when they‚Äôre being bullied...",3.3.1,holla,0.0,1.0,1.0
605,US,02/23/2019,1,Getting a harassing with those messages.  I guess I'll stop using the app.  Later.,4.19.1,skout,0.0,1.0,0.0
613,US,02/21/2019,1,I've downloaded the app three times now and every time I click on the icon it shows a white screen for about 10 seconds then closes and sends me back to my home screen. I haven't once even successfully opened the app.,3.2,holla,0.0,0.0,0.0
619,US,02/19/2019,1,"Remove the captchya and fix the crashing please! It no longer connects, and if it does it shuts down immediately. It was great before! Please fix!",1.6,chat-for-strangers,0.0,0.0,0.0
620,US,02/19/2019,1,Can‚Äôt set age range! Buzz shows everyone no way to control it!,6.9.0,skout,0.0,0.0,0.0
623,US,02/18/2019,1,I ignored this app for 2 months and today I found out- after several weeks of my phone abruptly going down in charge that Holla was running in the background and using audio even when unopened and untouched in months- it was using 48% of my daily phone battery. THATS ALMOST HALF. messed up. delete it. go back omegle.,4.2.7,holla,0.0,0.0,0.0
624,US,02/18/2019,1,Poor quality. All B*S. All lie. They do whatever they want on their web. And make you look like a fool. You're basically the only one at times to see your own posts.,4.0.3,skout,0.0,0.0,0.0
627,US,02/18/2019,1,This app is like tinder on steroids. I tried to immediately deactivate and it puts you in a loop where you can't. I've tried contacting support but no answer yet... God it's horrible.,4.21.2,skout,0.0,0.0,0.0
628,US,02/18/2019,1,Can‚Äôt delete,3.3.1,holla,0.0,0.0,0.0
635,US,02/16/2019,1,To many fake profiles,5.8.2,skout,0.0,0.0,0.0
636,US,02/15/2019,1,To many girls that scam on here from Africa with USA profiles,6.5.0,skout,0.0,0.0,0.0
638,US,02/15/2019,1,"Seriously, I would like to request then to put up an age range that people would like to talk to. I don't want a 50 year old man trying to be ""friends"" with me. Or men who are 30 and looking for action. So this is all I'm asking and maybe I'll leave a good review",4.18.0,skout,0.0,0.0,0.0
639,US,02/15/2019,2,Way too much ads than actual encounters,5.4.1,skout,0.0,0.0,0.0
640,US,02/15/2019,1,"Please Take Off My Purchased List ! This Is Disgusting , People Sending Me Inappropriate Pictures , Like No !",4,skout,0.0,0.0,0.0
642,US,02/14/2019,2,"It would be nice if there were actually people on the site to chat, talk to, and etc. I don't know the difference between the paid and unpaid version is. It would be nice to possibly have other ways to unlock features instead of downloading apps, buying offers, or general buying. It's hard on the phone after awhile in use. There is a lot of people on it but it is complete silent work other wise.",3.8.0,skout,0.0,0.0,0.0
644,US,02/14/2019,2,it's very slow at typing and how do you send pics,1.8,chat-for-strangers,0.0,0.0,0.0
645,US,02/14/2019,1,Everything is fake and everyone,6.5.0,skout,0.0,0.0,0.0
648,US,02/05/2019,1,Hey go to my website and you can buy photos and videos of me or somebody trying to scam money or come invest in this you‚Äôll make great money! Such a waste of time!!!!!!!!!!!!!,5.2.3,skout,0.0,0.0,0.0
651,US,02/04/2019,2,To much adds other wise i would of govin u a 5,4.4.1,skout,0.0,0.0,0.0
654,US,02/03/2019,2,"Not bad other than there should be a filter on who can message you, like someone within so many miles or a certain age. Also it has a lot of glitches where the app will shut down randomly.. Otherwise not bad.",4.4.1,skout,0.0,0.0,0.0
658,US,02/03/2019,1,The boost feature really giving attention to people who are turning to spread hate,3.23.1,holla,0.0,0.0,0.0
659,US,02/03/2019,1,"Half of the people on this app are fake. Tons of people are rude and when I was rude back to those people they banned me from the site. I ""appealed"" my case and got no response. Needless to say I was far from happy with this app.",3.3.1,skout,0.0,1.0,0.0
661,US,02/02/2019,1,Don NOT get this all u til they bring 2p back,4.1.2,holla,0.0,0.0,0.0
662,US,02/02/2019,1,i only have 4 pictures on my profile and then there are 250 something others that are just the same video and it‚Äôs a glitch. i don‚Äôt know if it‚Äôs showing people on my profile though.,3.3.1,holla,0.0,0.0,0.0
668,US,01/29/2019,2,"I have not used this app in over a year, and it's worse now than it was then. It's even less organized. It was easier to display or organized  people in the meet feature before. It still doesn't do the best job or sorting people by distance. The current version is a step backwards. I've used the app in a few different cities , but only a few have active profiles from real people.",4.22.1,skout,0.0,0.0,0.0
669,US,01/29/2019,2,I like the app but they need to let us change our locations and give us people that are actually close to us. You put in 'near me' and it still gives you people that are 50 or at least almost 100 miles away. Sorry but that is no where near me. And I'm sick of the stupid random pop up videos. You shouldn't have to upgrade to get rid of them.,4.2,skout,0.0,0.0,0.0
683,US,01/26/2019,2,Site freeze a lot and very slow.  I hate this site shuts down I would not recommend this site,5.4.1,skout,0.0,0.0,0.0
685,US,01/26/2019,1,Overwhelming amount of ads.,5.8.2,skout,0.0,0.0,0.0
694,US,01/24/2019,1,Zero stars! 99% of hot females are fake. Most are scammers trying to get your money and credit cards. Dont waste your time. A criminal operation and owners should be jailed and fined.,4.17.3,skout,0.0,0.0,0.0
695,US,01/24/2019,1,Lots of bot accounts on top of that messaging is terrible and rarely ever works properly,4.23.2,skout,0.0,0.0,0.0
700,US,01/23/2019,1,All you guys care about is money. It would be nice if you would just give us more coin when we buy it. Just a little bit more but it‚Äôs not like you‚Äôd read this anyway. üòí,6.5.0,skout,0.0,0.0,0.0
702,US,01/23/2019,1,I‚Äôd give a Zero if we could. As far as I could tell there was nothing but VERY OBVIOUS bots on the service.,6.9.0,skout,0.0,0.0,0.0
704,US,01/23/2019,1,"I can‚Äôt use the app because I don‚Äôt have a active phone number, using a phone number should be an option not a requirement. If this changes then I‚Äôll actually be able to use the app.",3.19.1,holla,0.0,0.0,0.0
705,US,01/23/2019,1,There are so many guys jacking off,4.2.3,holla,0.0,0.0,1.0
708,US,01/22/2019,1,Good,2.0.2,holla,0.0,0.0,0.0
711,US,01/21/2019,1,The worst dating site ever 22 months on this site haven‚Äôt met one real person but I‚Äôve been ripped off and cheated more times than I care to the dirtiest people I‚Äôve ever met like this site I give it a thumbs down a flapping zero,6.3.1,skout,0.0,0.0,0.0
717,US,01/20/2019,2,"Okay app, but every time you click to start a new conversation, you're inundated with ads, and it gets really irritating.",2.6,chat-for-strangers,0.0,0.0,0.0
723,US,01/19/2019,1,"‚Äú-Bug Fixes......‚Äù WHAT BUG FIXES?!?! Y‚Äôall say bug fixes every update but the app getting worse & worse! What‚Äôs with the kicking when trying to hold a live session, friends list not showing/being unseeable, not being able to see what friends are watching what live anymore, the constant crashing, the heavy comment lags, the terrible camera bugs that show you on some screens but not your own, etc?!?!?! What are you guys doing over there?! Lots of people would like the app more if y‚Äôall actually FIXED bugs, so please do better. Still a decently great app overall if you‚Äôre not having issues with it, so from a 1 to a 2-5/3.",2.67,holla,0.0,0.0,0.0
725,US,01/17/2019,1,Can I delete my account or something,2.4.5,holla,0.0,0.0,0.0
731,US,01/16/2019,2,No one wants to talk to me on skout,3.6.0,skout,0.0,0.0,0.0
733,US,01/16/2019,2,"I got banned over a meme, also I tried to contact them multiple times and they don‚Äôt respond",3.21,holla,0.0,0.0,0.0
749,US,01/12/2019,1,"I disabled notifications cause all my favorites were coming thru all the time, this one posted this, that one posted that. Enabled again - Now with ‚Äúlive‚Äù every streamer it send 2 notifications dafuq? Why? Notifications disabled again cause the other app that shares the network does the same thing 1 streamer and 4 notifications. I want to be notified of messages received but don‚Äôt want multiple notifications of one streamer going live once in a 5 min period. The other app is starting to get on my nerves too with the multiple notifications crap. Also why is it the app logs me off at least once a day sometimes twice? What gives???",6.9.0,skout,0.0,0.0,0.0
752,US,01/11/2019,2,"It could be great, but certain things are keeping it from...
Think there should be a filter of the type of people u want...I get 25 messages every time I log on, 4 or 5 times a day! No way I'm gonna respond to all of them and its frustrating cause y'all Dnt have a quick delete button! And bc I can't respond to all of them, a lot get mad and accuse me of being stuck up! There should be a search for what type of gay or girl ur looking for instead of just anyone that thinks they have a shot with u...just saying",3.3.0,skout,0.0,0.0,0.0
756,US,01/10/2019,1,Keeps crashing. The screen orientation on the iPad is wrong and it says my email address is invalid.  How can it be invalid when I haven't even signed up yet. Glad it was free or I'd be really p*ssed.,3.3.1,skout,0.0,0.0,0.0
757,US,01/10/2019,1,Not safe ir good and it's weird,4.17.6,skout,0.0,0.0,0.0
758,US,01/10/2019,2,Why do I have to sign in Everytime I come back to the app. That is very annoying.,6.8.0,skout,0.0,0.0,0.0
760,US,01/10/2019,1,For some reason I have people in other states instead of the one I‚Äôm in and I can‚Äôt change to see Who‚Äôs in my city I hate this app now you guys need to fix this location problem,6.2.0,skout,0.0,0.0,0.0
767,US,01/08/2019,2,"Through this app, I've met interesting people from around the world. I HATE the lack of safeguards against potentially underage users though. They really need to come up with a way to better enforce the age requirement. The idea of underage people coming into contact with with so many older people, some suspiciously old, on a dating app makes me nervous. It can be difficult to discern what is legitimate information, what profile is real, what pictures are real -- even the age or sex of a user. The app just leaves too much to go wrong.",4.19.1,skout,0.0,0.0,0.0
768,US,01/08/2019,1,Nothing but spam bot accounts,5.6.1,skout,0.0,0.0,0.0
771,US,01/07/2019,1,"My local buzz is feeding from people 200 miles away rather than less than 50. I'm not looking to talk over a long distance so this malfunction makes this app useless to me. 

Also, there needs to be a way to not only filter who you want to talk to, but who you want to talk to you. A main feature of this setting would be a maximum/minimum distance to narrow out the out of country messages one might get.

This app isn't very personalized and FOR SURE the local buzz glitch needs to be fixed. I'm not the only one with this problem.",3.6.0,skout,0.0,0.0,0.0
772,US,01/07/2019,1,Full of fake accounts spamming to another fake websites,6.12.0,skout,0.0,0.0,0.0
775,US,01/06/2019,1,There is zero regulation of this site; it is full of fake profiles of people pretending to be something they think you want for the purpose of taking.... please monitor your people!,5.5.2,skout,0.0,0.0,0.0
779,US,01/05/2019,1,"Honestly, Scout is horrible. Too many rude people on there and what's bad is that even after you block them, they can still contact you. I'm deleting my account.",3.3.1,skout,0.0,0.0,0.0
780,US,01/05/2019,1,You have to pay for everything just letting you know,3.34,holla,0.0,0.0,0.0
784,US,01/04/2019,1,There‚Äôs really no real people on this app mostly chat bots spamming kik or gmail but the few real people are just looking to play games and lie. Real waste of time anymore.,6.4.0,skout,0.0,0.0,0.0
785,US,01/03/2019,1,Too many fake profiles and women are never on here saying they are active.,5.8.2,skout,0.0,0.0,0.0
793,US,01/02/2019,1,It crashes when I hit start conversation,2.4,chat-for-strangers,0.0,0.0,0.0
796,US,01/01/2019,1,To many robots and fake profiles,5.7.1,skout,0.0,0.0,0.0
798,US,01/01/2019,1,There is no one near me. So no point.,3.6.0,skout,0.0,0.0,0.0
807,US,12/29/2018,1,Okay so I tried to get on skout and it kept saying login failed. And it said something about the connection. I have a lot of service but it won't let me do anything. Fix it or the ratings are going downüòíüò°üò°üò°üò°üò°üò°üò°üò°üò°,4.0.4,skout,0.0,0.0,0.0
811,US,12/29/2018,1,You say nudity isn‚Äôt allowed yet you allow men and women to show their private parts all the time. Need to pay more attention to your client base,5.01.1,skout,0.0,0.0,1.0
819,US,12/28/2018,1,I r8 8/8 m8,3.5,chat-for-strangers,0.0,0.0,0.0
821,US,12/27/2018,1,The stupid thing just banned me! I just signed up and it bans me!,4.0.3,skout,0.0,0.0,0.0
835,US,12/24/2018,1,So this app is a buggy peice of crap . Most of the time I message someone they're messages don't even pop up. Then I snap at them for not talking! I don't mind the ads. But these messages!.... Ugh don't get this app. It's BS don't waste your time on it..,4.3.0,skout,0.0,0.0,0.0
842,US,12/23/2018,1,"I went on this and all there was where pervs asking for nudes! Im only 14 and this made me want to stay away from the scary place of the internet! Even if i started to get close to someone they would later ask something like ""hey wanna trade nudes now that we're friends?"" It would be a great app if it had restrictions and plz dont put in a camera because i know some of these pervs will post nudes even to children so yeah overall summary...
‚Ä¢age limit
‚Ä¢message restrictions 
‚Ä¢NO CAMERA!",3.4,chat-for-strangers,0.0,0.0,1.0
849,US,12/22/2018,2,Keeps freezing up,4.21.2,skout,0.0,0.0,0.0
850,US,12/21/2018,1,"All that's on here, nothing but a waste of time.",5.01.1,skout,0.0,0.0,0.0
863,US,12/17/2018,1,"Most of the attractive women are from another country, or say they are somewhere in the USA.
This site is a scammers haven!",5.5.2,skout,0.0,0.0,0.0
864,US,12/17/2018,1,It takes long for everything to load in this app and always gets annoying,4.1.2,skout,0.0,0.0,0.0
866,US,12/16/2018,1,Full of porn bots and guys ZERO Stars,2.1,chat-for-strangers,0.0,0.0,0.0
868,US,12/16/2018,1,I was having such a good time talking to people and then boom get a notification saying ive been banned for inappropriate behavior when i have done nothing wrong.,3.0.2,holla,0.0,0.0,0.0
869,US,12/16/2018,1,"It randomly signed me out of my account and kept on giving me error messages , than I reset my password and it still did not work you just lost another user",4.0.4,skout,0.0,0.0,0.0
873,US,12/16/2018,1,"For the third time on this app everytime i cashout and reach the leaderboards my account is deleted a few hours later! This app will steal your money! I lost 1,600 dollars! STAY AWAY FROM THIS APP! I am contacting a lawyer!",6.4.0,skout,0.0,0.0,0.0
878,US,12/16/2018,2,The app is very good and a nice way to connect with people but I can‚Äôt even open the app after the last update or something. It used to be working fine idk what happened to it,3.11.1,holla,0.0,0.0,0.0
879,US,12/16/2018,1,"I hope everyone read what I‚Äôm going to say..........
This app is not secure enough..
Skout people are just looking for money but they can‚Äôt fixed it a lot of hack people are here to steal your money üí∞ ..!!! You guys should do something about it you need to make it more safety at least ask for credit card üí≥ that‚Äôs you know who is real and who‚Äôs not ..... stop acting like you stupid you guys know what you doing .. than do it right ! üëéüèªüëéüèªüëéüèªüëéüèªüëéüèªüëéüèªüëéüèª",5.7.1,skout,0.0,0.0,0.0
880,US,12/15/2018,1,"Wouldn't refer this app to anyone. You need points for everything. Can't view who's viewing you. Can't see who likes your picture.  Can't see who added you to their favorites. Can't specify an age range, all ages are in search. This is a very simple app, don't expect too much. It needs a lot of work. But it's something to do when bored.",3.8.0,skout,0.0,0.0,0.0
882,US,12/15/2018,2,To many bugs and fake profiles,3.7.1,skout,0.0,0.0,0.0
883,US,12/15/2018,1,I got blocked I can't believe it I didn't do anything against the rules. Not worth it. Don't waste your time it will block you for no reason. It also crashes about every 5 minutes.,3.3.0,skout,0.0,0.0,0.0
884,US,12/15/2018,2,Sometimes I‚Äôll have a convo and it just disappears and reappears 10 days later,2.83,holla,0.0,0.0,0.0
886,US,12/14/2018,1,The problems is that it tells me I have 17 chats and I only have one when u go in to check!  If I have some chats there...they r not there!  The number keeps growing and it is driving me crazy!  I just might have to delete it if they don't fix it!,3.6.0,skout,0.0,0.0,0.0
887,US,12/14/2018,1,It was great.. Tons of people.. But then it was glitching and now it doesn't even work.. I'm sad :(,4.0.4,skout,0.0,0.0,0.0
889,US,12/14/2018,2,"This app is great besides the fact that 
1) It doesnt show where people are located, and
2) In the ""Meet"" tab, I have tried selecting ""Women in my state"" and ""Women near me"" But I still get people from around the world. Once these issues are fixed, my rating will definitely be 5 stars",4.22.2,skout,0.0,0.0,0.0
893,US,12/14/2018,2,"Ok so this app is alright, but the other day it says that I have been awarded 50 gems for being on the app for 3 consecutive days, but it never got added to my account and I emailed Holla support twice and I never got an email back from them and I still didn‚Äôt get my 50 gems. Holla really needs to improve because as of right now their customer service for people is terrible.",4.3.4,holla,0.0,0.0,0.0
894,US,12/13/2018,2,"This app is annoying...
You can‚Äôt paste any copied text, it doesn‚Äôt have that option.
Really dumb...",3.7,holla,0.0,0.0,0.0
896,US,12/13/2018,2,"The app used to work great, and I loved it. But now, it'll give me notifications about matches, messages, etc. But when I get on the app, the messages aren't there. It's really annoying, please fix.",2.17,holla,0.0,0.0,0.0
898,US,12/13/2018,2,Have to pay points to talk to people. Kicks you out of the app alot and freezes up.,3.7.1,skout,0.0,0.0,0.0
899,US,12/12/2018,1,"The Captcha is very annoying, especially when it's every single time, please make them go away",1.9,chat-for-strangers,0.0,0.0,0.0
902,US,12/12/2018,1,Give me my coins!!!!!!!,4.25.2,skout,0.0,0.0,0.0
914,US,12/09/2018,1,Horrible after the upgrade,2.8,chat-for-strangers,0.0,0.0,0.0
917,US,12/09/2018,2,"I met some pretty cool people on here but as soon as I exit the app, it logs me out and won't let me log back in saying that ""this user does not exist"" but when I tried to make a new account it says ""this email already exists"" Like what's up with that?",4.3.0,skout,0.0,0.0,0.0
920,US,12/08/2018,2,I always receive messages but they disappear and I can never see them again. Why? It's annoying.,4.18.0,skout,0.0,0.0,0.0
930,US,12/07/2018,1,"When I send a pic through message, the recipient never gets it",-,skout,0.0,0.0,0.0
931,US,12/06/2018,2,"All the guys just want nudes and are somehow worse than tinder. All the girls ghost you and just want you to add them on Snapchat. Why on earth would I download this app to add you on another platform?? This is a terrible app, not because of its features but because there is zero moderation. Half of the accounts are inactive and if you do get matched with someone they‚Äôll never message you, ever.",3.33,holla,0.0,0.0,1.0
932,US,12/06/2018,2,"i enjoyed using this app for quite some time, meeting new people and everything. it worked great! recently, however, my photos have been appearing grainy when viewing my own profile, as well as other people‚Äôs profiles. i don‚Äôt know what happened for photos to do this, but i really despise the grainy photos. if this were to get fixed, i would rate five stars and gladly use it more often again.",2.95,holla,0.0,0.0,0.0
933,US,12/06/2018,1,This app is now full of crappy ppl .. The gals here r total fake I chatted with 6 gals back to back n all turned out to b asking to view their webcam. And pay by registering to a third party site. Scout Plz filter ur users well .. Not even worth putting any time in this app anymore.,4.21.2,skout,0.0,0.0,1.0
934,US,12/06/2018,1,"I created my account last week but I had to get a new phone and it has banned me from the app
I have no clue why and I'm only 13 I did nothing wrong",4.25.2,skout,0.0,0.0,0.0
937,US,12/05/2018,2,N/a!,6.6.0,skout,0.0,0.0,0.0
938,US,12/05/2018,2,"After I try to upload a profile photo, tries to load and never does anything else it‚Äôs stuck there.",2.67,holla,0.0,0.0,0.0
941,US,12/05/2018,1,I personally like this app cuz i get bored but it won't work you should get it fixed,1.8,chat-for-strangers,0.0,0.0,0.0
942,US,12/05/2018,2,This app is low key the mega gay,3.27,holla,0.0,0.0,0.0
943,US,12/05/2018,2,"I have a iphone 6, and it goes great tor awhile and all of a sudden it crashes constantly then will NOT load. I cant make friends worth a üí©. So please fix asapüò•",2.4.6,holla,0.0,0.0,0.0
944,US,12/04/2018,1,It‚Äôs a nice app but really it‚Äôs too many ads. This is ridiculous and there has to be better control for the spammers for blocking them,5.8.2,skout,0.0,0.0,0.0
946,US,12/04/2018,1,"The app always has bugs. For the past 2 weeks I‚Äôve been only able to see 10 messages , when there‚Äôs hundreds in my inbox.",6.3.1,skout,0.0,0.0,0.0
947,US,12/04/2018,1,Nothing but prostitutes and gold diggers. Have fun,6.6.0,skout,0.0,0.0,0.0
949,US,12/04/2018,1,Lot of prostitutes and fake profiles and scammers,6.4.1,skout,0.0,0.0,0.0
953,US,12/04/2018,2,It's literally almost all dudes....,3.3.0,skout,0.0,0.0,0.0
957,US,12/03/2018,1,"This site needs to update it is match section.  I don‚Äôt want to see people that are 85+ miles away from me.   We should be able to pick miles, age in the match section.    

Why would I want to see someone in London, Tokyo when I‚Äôm stateside",6.8.0,skout,0.0,0.0,0.0
958,US,12/03/2018,1,"Doesn't find people in the same city, or within 20 miles for that matter.  I'm in a major metro area and you would think it might find people within 10 miles or so. NOT!  Don't wan set your time unless you ... are just wasting time. Also, lots of spammer, scammers, phishing.",4.0.4,skout,0.0,0.0,0.0
959,US,12/03/2018,1,Title,2.29,holla,0.0,0.0,0.0
960,US,12/03/2018,1,"Unfriending people crash the app and it will randomly say all my ""new friends"" have not been viewed already and blow up my phone",2.28,holla,0.0,0.0,0.0
964,US,12/02/2018,1,Crashes every five seconds and it won't let me respond to any of my messages -_-,3.7.1,skout,0.0,0.0,0.0
965,US,12/02/2018,2,"Its a good app, Just to many ads! If I try to swipe to see someones picture, it takes me to a whole new webpage! I hate it!",4.18.0,skout,0.0,0.0,0.0
971,US,12/01/2018,2,Intriguing app. Today is my first day trying it out. I received an invite at random. Can't help but notice that some random cities are well represented. I don't know if the inconsistency in connection is personal or the app. We shall see. It would be interesting to know what one gains by paying for service.,5.00.1,skout,0.0,0.0,0.0
973,US,12/01/2018,1,"This app is beyond bad.   Bugs, scams, and false gender advertisement.  Maybe try a verification system for account creation?   This app is garbage and whoever developed it should be ashamed.",4.17.6,skout,0.0,0.0,0.0
974,US,12/01/2018,2,Great app but i cannot connect to the server. Its been like this for a week. If you fix this then i will give it 5 stars. Thankyou,2.5,chat-for-strangers,0.0,0.0,0.0
976,US,11/30/2018,1,Females are all picky and shallow,5.8.2,skout,0.0,0.0,0.0
22003,US,04/15/2018,1,I paid to talk female and then band me for no reason so I paid again after that happened again this time i did not do nothing wrong no nudity no fight no argue the only thing that says did is talk. The only thing is good is free but is only one thing I hate see dicks anytime I skip not only just see dicks I see all different guys to the old young hardly see female so any people want to talk not this app the only thing I‚Äôm going to say is rip off so don‚Äôt waste your time on this app go to another app or a website i think I‚Äôm done here so don‚Äôt get this app so please‚úåÔ∏è,4.4.4,holla,,,1.0
